City_ID,City,Cloudiness,Country,Date,Humidity,Lat,Lng,Max Temp,Wind Speed
0,thompson,76,CA,1533407096,72,55.74,-97.86,70.89,4.92
1,bilibino,92,RU,1533407097,51,68.06,166.44,49.11,2.35
2,chipinge,0,ZW,1533407097,67,-20.19,32.62,61.71,2.35
3,vaini,92,IN,1533407097,99,15.34,74.49,68.19,6.93
4,rikitea,100,PF,1533407097,100,-23.12,-134.97,72.6,9.62
5,norman wells,92,CA,1533407098,71,65.28,-126.83,56.67,5.93
6,albany,40,US,1533405300,61,42.65,-73.75,82.4,3.69
7,flinders,0,AU,1533402000,70,-34.58,150.85,48.2,5.82
8,mecca,0,SA,1533405600,29,21.43,39.83,100.4,2.35
9,qaqortoq,75,GL,1533405000,71,60.72,-46.03,51.8,9.17
10,chuy,92,UY,1533407099,95,-33.69,-53.46,57.93,11.52
11,mataura,48,NZ,1533407099,82,-46.19,168.86,24.99,2.68
12,orangeburg,20,US,1533405360,62,33.49,-80.86,91.4,6.93
13,kodiak,20,US,1533401580,51,39.95,-94.76,84.2,17.22
14,zhigansk,92,RU,1533407100,96,66.77,123.37,51.45,11.63
15,punta arenas,0,CL,1533402000,55,-53.16,-70.91,37.4,25.28
16,sobolevo,0,RU,1533407101,68,54.43,31.9,72.33,6.71
17,mackay,0,CA,1533407101,55,53.65,-115.58,68.1,7.16
18,avarua,75,CK,1533402000,94,-21.21,-159.78,69.8,12.75
19,erzin,20,TR,1533405000,58,36.95,36.2,86.0,28.86
20,kapaa,75,US,1533405360,83,22.08,-159.32,78.8,18.34
21,butaritari,48,KI,1533407102,100,3.07,172.79,82.77,7.05
22,kabo,88,CF,1533407103,97,7.69,18.62,72.69,5.14
23,atuona,48,PF,1533407103,100,-9.8,-139.03,77.1,13.31
24,codrington,0,AU,1533407103,81,-28.95,153.24,41.55,3.13
25,la ronge,0,CA,1533406807,56,55.1,-105.3,76.38,3.47
26,bull savanna,36,JM,1533407104,93,17.89,-77.59,80.25,6.04
27,sao jose da coroa grande,0,BR,1533407104,83,-8.9,-35.15,78.72,8.72
28,maragogi,0,BR,1533407104,83,-9.01,-35.22,78.72,8.72
29,hithadhoo,36,MV,1533407105,100,-0.6,73.08,83.4,1.57
30,laguna,40,MX,1533404460,41,27.52,-110.01,95.0,2.24
31,hammelburg,44,DE,1533407105,60,50.12,9.9,79.44,3.36
32,umm lajj,0,SA,1533407106,93,25.02,37.27,83.4,2.57
33,puerto ayora,75,EC,1533405600,65,-0.74,-90.35,77.0,17.22
34,bredasdorp,92,ZA,1533405600,87,-34.53,20.04,53.6,2.24
35,upernavik,80,GL,1533407106,81,72.79,-56.15,43.62,9.62
36,cherskiy,0,RU,1533407107,62,68.75,161.3,44.52,5.93
37,coruripe,20,BR,1533407107,91,-10.12,-36.18,78.27,11.63
38,cam ranh,32,VN,1533407107,100,11.92,109.15,78.63,0.56
39,amapa,75,HN,1533405600,79,15.09,-87.97,86.0,6.93
40,qaanaaq,68,GL,1533407108,94,77.48,-69.36,39.39,5.93
41,charters towers,0,AU,1533407108,90,-20.07,146.27,56.49,4.36
42,catuday,88,PH,1533407109,100,16.29,119.81,78.45,3.36
43,hilo,90,US,1533406440,83,19.71,-155.08,77.0,4.7
44,hambantota,20,LK,1533407109,95,6.12,81.12,81.6,15.99
45,medzilaborce,0,SK,1533407109,78,49.27,21.9,71.7,1.68
46,busselton,64,AU,1533407110,100,-33.64,115.35,55.95,23.94
47,tasiilaq,20,GL,1533401400,93,65.61,-37.64,42.8,12.75
48,ostrovnoy,64,RU,1533407110,62,68.05,39.51,53.61,9.17
49,grahamstown,0,ZA,1533407111,51,-33.31,26.53,59.55,11.63
50,kaitangata,20,NZ,1533407111,68,-46.28,169.85,29.49,2.8
51,lindi,0,TZ,1533407111,56,-10.0,39.71,75.75,5.93
52,tolcsva,0,HU,1533405600,47,48.28,21.45,80.6,3.36
53,san cristobal,75,EC,1533405600,48,-0.39,-78.55,62.6,8.05
54,castro,92,CL,1533407113,97,-42.48,-73.76,51.72,9.62
55,klyuchi,8,RU,1533407113,93,52.25,79.17,60.27,2.91
56,saint augustine,75,TT,1533405600,70,10.65,-61.4,84.2,6.93
57,hobart,0,AU,1533405600,87,-42.88,147.33,46.4,3.36
58,ajuchitlan,75,MX,1533404640,46,20.72,-100.02,69.8,12.75
59,oume,40,CI,1533402000,83,6.38,-5.42,78.8,4.7
60,mar del plata,20,AR,1533407115,41,-46.43,-67.52,60.36,28.41
61,lensk,64,RU,1533407115,70,60.71,114.91,51.27,2.35
62,stolin,68,BY,1533407115,63,51.89,26.85,78.27,6.6
63,coquimbo,0,CL,1533402000,62,-29.95,-71.34,59.0,5.82
64,ushuaia,40,AR,1533402000,69,-54.81,-68.31,37.4,17.22
65,bathsheba,40,BB,1533405600,74,13.22,-59.52,84.2,19.46
66,quelimane,0,MZ,1533405600,73,-17.88,36.89,73.4,4.7
67,walvis bay,0,NA,1533407116,100,-22.95,14.51,57.93,15.32
68,nikolskoye,20,RU,1533403800,60,59.7,30.79,71.6,6.71
69,campbell river,76,CA,1533406921,93,50.02,-125.24,61.44,2.35
70,barrow,0,AR,1533407010,48,-38.31,-60.23,61.8,6.6
71,berdigestyakh,100,RU,1533407117,100,62.1,126.7,51.45,10.4
72,tiksi,0,RU,1533407118,84,71.64,128.87,51.36,6.15
73,vostok,0,RU,1533407118,94,46.45,135.83,51.09,1.9
74,vidim,40,CZ,1533405720,40,50.47,14.53,86.0,9.17
75,pathein,92,MM,1533407119,98,16.78,94.73,75.03,5.59
76,san nicolas,24,HN,1533407119,83,14.94,-88.33,75.3,2.35
77,hermanus,92,ZA,1533407119,100,-34.42,19.24,49.47,1.34
78,songjianghe,92,CN,1533407120,88,42.18,127.48,74.58,5.7
79,kulhudhuffushi,92,MV,1533407120,100,6.62,73.07,82.59,9.17
80,ponta do sol,24,BR,1533407120,76,-20.63,-46.0,75.03,8.5
81,new norfolk,0,AU,1533405600,87,-42.78,147.06,46.4,3.36
82,bonavista,12,CA,1533406847,83,48.65,-53.11,62.97,12.19
83,atar,0,MR,1533407121,14,20.52,-13.05,103.74,7.05
84,mahebourg,20,MU,1533405600,69,-20.41,57.7,73.4,9.17
85,airai,76,TL,1533407122,76,-8.93,125.41,66.12,1.79
86,kidal,0,ML,1533407122,34,18.44,1.41,95.46,10.4
87,tongliao,12,CN,1533407019,81,43.61,122.27,67.29,8.72
88,touros,0,BR,1533407123,71,-5.2,-35.46,82.5,15.66
89,carnarvon,0,ZA,1533407123,76,-30.97,22.13,38.04,7.38
90,nanortalik,92,GL,1533407124,100,60.14,-45.24,44.34,5.14
91,farafangana,0,MG,1533407124,100,-22.82,47.83,69.27,7.72
92,port alfred,0,ZA,1533407124,77,-33.59,26.89,65.13,16.11
93,bilma,0,NE,1533407124,20,18.69,12.92,96.54,5.37
94,petresti,0,RO,1533405600,50,44.65,25.33,78.8,5.82
95,vestmanna,75,FO,1533405000,81,62.16,-7.17,53.6,23.04
96,bojnurd,0,IR,1533405600,25,37.47,57.33,86.0,9.17
97,dikson,8,RU,1533407126,84,73.51,80.55,47.13,8.95
98,georgetown,75,GY,1533402000,70,6.8,-58.16,86.0,6.93
99,jamestown,0,AU,1533407127,46,-33.21,138.6,52.35,19.91
100,ostersund,8,SE,1533405000,52,63.18,14.64,64.4,8.05
101,ponta delgada,40,PT,1533405600,69,37.73,-25.67,75.2,16.11
102,cidreira,76,BR,1533407128,97,-30.17,-50.22,65.4,5.82
103,ust-ishim,24,RU,1533407128,61,57.69,71.17,52.44,6.6
104,sulangan,92,PH,1533407128,100,11.14,123.72,80.43,19.69
105,tianmen,44,CN,1533407129,93,30.65,113.16,79.8,2.91
106,belawan,88,ID,1533407129,87,-0.59,114.46,75.57,2.91
107,kaeo,0,NZ,1533407129,80,-35.1,173.78,38.4,7.61
108,bluff,8,AU,1533407130,90,-23.58,149.07,58.11,5.59
109,fortuna,0,ES,1533405600,58,38.18,-1.13,95.0,4.7
110,necochea,0,AR,1533407130,81,-38.55,-58.74,57.93,4.59
111,whitianga,100,NZ,1533407131,100,-36.83,175.7,54.15,12.19
112,verkhoyansk,0,RU,1533407131,87,67.55,133.39,50.91,2.46
113,sosnovo-ozerskoye,20,RU,1533407131,83,52.53,111.54,51.36,2.68
114,faya,0,SA,1533405600,43,18.39,42.45,73.4,5.82
115,kahului,40,US,1533405360,83,20.89,-156.47,77.0,12.75
116,hasaki,20,JP,1533403800,100,35.73,140.83,78.8,3.36
117,guerrero negro,0,MX,1533407132,61,27.97,-114.04,82.32,8.95
118,semporna,75,MY,1533402000,94,4.48,118.61,77.0,2.24
119,mairana,92,BO,1533407133,100,-18.12,-63.96,50.73,3.36
120,ribeira grande,40,PT,1533405600,69,38.52,-28.7,77.0,5.82
121,ust-kuyga,0,RU,1533407134,85,70.0,135.55,50.1,5.14
122,port blair,76,IN,1533407134,100,11.67,92.75,81.24,23.94
123,mildura,68,AU,1533407134,61,-34.18,142.16,51.45,16.78
124,papillion,1,US,1533406500,65,41.15,-96.04,80.6,12.75
125,kaputa,0,ZM,1533407135,44,-8.47,29.66,65.31,3.91
126,northam,20,GB,1533405000,44,51.04,-4.21,77.0,8.05
127,chokurdakh,0,RU,1533407135,84,70.62,147.9,34.89,12.08
128,kaa-khem,36,RU,1533407136,87,51.7,94.56,53.43,2.91
129,hobyo,8,SO,1533407136,83,5.35,48.53,75.21,16.78
130,provideniya,92,RU,1533407136,100,64.42,-173.23,47.85,14.43
131,tezu,80,IN,1533407136,99,27.93,96.16,69.09,1.45
132,geraldton,64,CA,1533407137,74,49.72,-86.95,73.77,8.72
133,baghdad,20,IQ,1533405600,29,33.3,44.38,98.6,5.82
134,saldanha,0,PT,1533407138,37,41.42,-6.55,92.13,5.7
135,kisangani,12,CD,1533407138,73,0.52,25.21,81.78,2.91
136,jeremie,20,HT,1533407138,96,18.65,-74.12,84.66,4.92
137,khani,75,GE,1533403800,83,41.96,42.96,75.2,2.24
138,lebu,75,ET,1533405600,93,8.96,38.73,59.0,4.7
139,hokitika,8,NZ,1533407139,100,-42.72,170.96,44.25,8.28
140,waipawa,92,NZ,1533407140,96,-39.94,176.59,50.64,14.43
141,saint-pierre,0,FR,1533405600,33,48.95,4.24,91.4,11.41
142,sitka,0,US,1533407141,47,37.17,-99.65,89.52,17.9
143,honiara,20,SB,1533405600,94,-9.43,159.96,73.4,3.36
144,eirunepe,0,BR,1533406942,62,-6.66,-69.87,90.6,2.91
145,olden,92,NO,1533407141,94,61.84,6.81,50.37,1.57
146,westerland,75,NL,1533405300,88,52.89,4.93,69.8,13.87
147,svetlogorsk,20,RU,1533403800,77,53.14,59.15,64.4,2.24
148,guangyuan,0,CN,1533407142,94,32.43,105.86,70.44,1.68
149,broome,20,GB,1533405360,68,52.47,1.45,75.2,9.17
150,samarai,92,PG,1533407143,100,-10.62,150.67,77.64,16.33
151,visnes,75,NO,1533405000,72,59.36,5.22,60.8,13.87
152,maanshan,36,CN,1533402000,94,31.7,118.5,82.4,2.24
153,sarakhs,0,TM,1533405600,22,36.54,61.16,91.4,9.17
154,swinoujscie,0,PL,1533405600,69,53.91,14.25,77.0,8.05
155,vila franca do campo,40,PT,1533405600,69,37.72,-25.43,75.2,16.11
156,marawi,92,PH,1533407144,100,8.0,124.29,67.83,3.13
157,myitkyina,56,MM,1533407145,99,25.38,97.4,72.96,2.13
158,port elizabeth,40,US,1533405360,69,39.31,-74.98,84.2,10.29
159,kintampo,88,GH,1533407145,84,8.05,-1.73,79.08,6.04
160,clyde river,0,CA,1533407146,70,70.47,-68.59,42.09,4.03
161,lompoc,1,US,1533405480,56,34.64,-120.46,84.2,10.29
162,faanui,68,PF,1533407146,100,-16.48,-151.75,77.73,14.32
163,arman,20,RU,1533402000,100,59.7,150.17,46.4,2.46
164,xifeng,80,CN,1533407147,91,42.73,124.72,72.69,5.48
165,male,20,UA,1533407147,62,50.74,33.7,74.4,4.7
166,dudinka,88,RU,1533406871,74,69.41,86.18,48.75,13.2
167,bambous virieux,20,MU,1533405600,69,-20.34,57.76,73.4,9.17
168,san patricio,0,PY,1533407148,58,-26.98,-56.83,63.6,5.26
169,isangel,92,VU,1533407148,100,-19.55,169.27,71.79,13.2
170,boshkengash,0,TJ,1533403800,30,38.47,68.81,80.6,6.71
171,cabedelo,40,BR,1533402000,62,-6.97,-34.84,84.2,11.41
172,burns lake,80,CA,1533407149,73,54.23,-125.76,59.1,2.35
173,izhma,88,RU,1533407149,63,65.01,53.91,51.18,2.8
174,grenada,75,US,1533405180,52,33.77,-89.81,89.6,8.05
175,sangar,92,RU,1533407150,85,63.92,127.47,58.29,6.15
176,souillac,0,FR,1533405600,28,45.6,-0.6,93.2,5.82
177,ciudad real,0,ES,1533406936,17,38.99,-3.93,96.99,8.61
178,safford,1,US,1533405060,24,32.83,-109.71,95.0,8.05
179,severo-kurilsk,64,RU,1533407151,100,50.68,156.12,48.84,4.59
180,avera,90,US,1533405300,58,33.19,-82.53,91.4,4.7
181,prince rupert,92,CA,1533407033,95,54.32,-130.32,57.3,2.57
182,vila velha,0,BR,1533405600,54,-3.71,-38.6,84.2,18.34
183,east london,0,ZA,1533405600,82,-33.02,27.91,55.4,3.36
184,saint george,0,GR,1533405000,54,39.45,22.34,78.8,3.69
185,almeirim,0,PT,1533405600,20,39.21,-8.63,102.2,11.41
186,teahupoo,75,PF,1533405600,69,-17.83,-149.27,80.6,14.99
187,khatanga,0,RU,1533407153,86,71.98,102.47,43.62,12.19
188,manokwari,92,ID,1533407154,100,-0.87,134.08,81.96,7.61
189,sechura,0,PE,1533407154,87,-5.56,-80.82,72.15,9.95
190,cabo san lucas,75,MX,1533405000,49,22.89,-109.91,95.0,12.75
191,kushiro,92,JP,1533407155,93,43.11,144.15,56.4,2.68
192,ornskoldsvik,12,SE,1533405000,52,63.29,18.72,69.8,8.05
193,otane,92,NZ,1533407155,99,-39.89,176.62,47.67,8.61
194,esil,0,KZ,1533407155,64,51.96,66.41,64.32,7.16
195,sao filipe,0,CV,1533407156,93,14.9,-24.5,78.45,12.97
196,sabha,0,LY,1533407156,16,27.03,14.43,95.91,3.91
197,pevek,36,RU,1533407156,100,69.7,170.27,38.4,7.16
198,batagay,0,RU,1533407157,82,67.65,134.64,50.73,2.68
199,georgiyevka,80,RU,1533407157,38,52.25,40.45,80.07,5.93
200,muzhi,92,RU,1533407157,70,65.4,64.7,48.48,13.31
201,ugoofaaru,20,MV,1533407157,100,5.67,73.0,82.86,7.94
202,gunjur,75,GM,1533405600,74,13.18,-16.76,84.2,11.41
203,bethel,90,US,1533405600,93,60.79,-161.76,55.4,4.7
204,nador,0,MA,1533405600,61,35.17,-2.93,82.4,9.17
205,victoria,75,BN,1533403800,94,5.28,115.24,78.8,9.17
206,sosnovka,24,RU,1533407160,42,53.23,41.37,78.54,5.37
207,sao joao da barra,40,BR,1533402000,65,-21.64,-41.05,80.6,4.7
208,vestmannaeyjar,8,IS,1533407160,87,63.44,-20.27,55.5,7.38
209,oyotun,0,PE,1533405600,64,-6.85,-79.3,71.6,13.87
210,lima,8,PE,1533406863,80,-12.06,-77.04,67.29,3.58
211,kanchipuram,40,IN,1533403800,78,12.84,79.71,82.4,6.93
212,iwata,44,JP,1533407161,96,34.71,137.85,76.83,2.35
213,ilulissat,75,GL,1533405000,54,69.22,-51.1,53.6,5.82
214,inhambane,0,MZ,1533405600,83,-23.87,35.38,71.6,11.41
215,nome,1,US,1533405300,55,30.04,-94.42,89.6,9.17
216,kupang,24,ID,1533407163,96,-10.16,123.6,75.39,7.72
217,cizre,8,TR,1533407163,36,37.33,42.19,83.4,6.49
218,ginir,56,ET,1533407163,48,7.14,40.71,71.16,9.4
219,bandarbeyla,0,SO,1533407163,84,9.49,50.81,77.1,31.88
220,plouzane,90,FR,1533405600,93,48.38,-4.62,77.0,10.29
221,saskylakh,36,RU,1533407164,71,71.97,114.09,48.93,14.09
222,tayu,20,JP,1533403800,88,35.06,136.67,82.4,5.82
223,hofn,44,IS,1533407165,97,64.25,-15.21,52.44,3.91
224,jalu,0,LY,1533407165,28,29.03,21.55,91.32,6.15
225,san quintin,20,PH,1533407165,87,17.54,120.52,70.53,3.13
226,saint-philippe,90,CA,1533405300,94,45.36,-73.48,73.4,4.7
227,torbay,12,CA,1533407166,77,47.66,-52.73,62.79,7.49
228,igarka,92,RU,1533407166,93,67.47,86.57,49.65,23.04
229,broken hill,8,AU,1533407166,59,-31.97,141.45,49.74,17.45
230,mbandaka,36,CD,1533407167,75,0.05,18.26,80.25,4.36
231,tuatapere,0,NZ,1533407167,100,-46.13,167.69,40.02,4.36
232,oussouye,75,SN,1533402000,70,12.49,-16.54,87.8,9.17
233,si sa ket,0,TH,1533402000,94,15.12,104.33,77.0,7.05
234,komsomolskiy,88,RU,1533407168,74,67.55,63.78,42.54,9.73
235,la union,64,GT,1533407169,71,14.97,-89.29,78.36,2.68
236,port-gentil,75,GA,1533405600,83,-0.72,8.78,75.2,13.87
237,tecoanapa,75,MX,1533404880,70,16.99,-99.26,87.8,5.82
238,tuktoyaktuk,76,CA,1533407170,89,69.44,-133.03,47.49,10.29
239,puerto escondido,20,MX,1533404700,70,15.86,-97.07,84.2,11.41
240,sola,75,FI,1533405000,93,62.78,29.36,62.6,3.36
241,kalmar,0,SE,1533407171,52,56.66,16.36,79.44,11.41
242,damaturu,88,NG,1533407171,77,11.75,11.96,81.42,6.71
243,bogorodskoye,0,RU,1533407171,91,52.37,140.44,52.17,2.68
244,arraial do cabo,40,BR,1533405600,78,-22.97,-42.02,77.0,12.75
245,okhotsk,0,RU,1533407172,88,59.36,143.24,56.49,4.81
246,poso,64,ID,1533407172,100,-1.4,120.75,77.46,4.59
247,yellowknife,0,CA,1533407172,88,62.45,-114.38,54.78,5.59
248,honningsvag,92,NO,1533406908,100,70.98,25.97,52.26,6.6
249,fairbanks,90,US,1533405480,77,64.84,-147.72,60.8,3.91
250,paamiut,92,GL,1533407173,95,61.99,-49.67,42.45,24.27
251,jonuta,0,MX,1533407173,63,18.08,-92.13,91.05,12.97
252,prado,0,BR,1533407174,97,-17.34,-39.22,76.56,16.44
253,namatanai,92,PG,1533407174,100,-3.66,152.44,81.6,6.6
254,aberdeen,1,US,1533405180,31,45.47,-98.49,87.8,5.82
255,pangnirtung,64,CA,1533407175,91,66.15,-65.72,44.07,6.82
256,ewa beach,75,US,1533405420,65,21.32,-158.01,82.4,9.17
257,ossora,92,RU,1533407176,100,59.24,163.07,50.55,3.8
258,shurugwi,0,ZW,1533407176,34,-19.67,30.0,58.11,4.7
259,namuac,32,PH,1533407176,95,18.61,121.17,79.53,5.03
260,leningradskiy,64,RU,1533407177,100,69.38,178.42,32.82,7.72
261,namwala,0,ZM,1533407177,37,-15.75,26.45,69.0,9.51
262,yenotayevka,36,RU,1533407177,48,47.24,47.04,77.1,6.04
263,uyuni,92,BO,1533407177,90,-20.46,-66.82,33.63,4.47
264,coahuayana,24,MX,1533407178,82,18.62,-100.35,74.94,3.24
265,mount isa,40,AU,1533405600,50,-20.73,139.49,55.4,7.83
266,matadi,32,CD,1533407178,58,-5.83,13.46,80.43,8.84
267,hopeman,75,GB,1533405000,55,57.71,-3.43,64.4,19.46
268,havoysund,92,NO,1533405000,100,71.0,24.66,51.8,4.7
269,porto novo,40,BR,1533405600,56,-23.68,-45.44,73.4,3.36
270,nouadhibou,0,MR,1533405600,69,20.93,-17.03,75.2,20.8
271,howard springs,0,AU,1533405600,83,-12.5,131.05,73.4,3.36
272,pasighat,76,IN,1533407180,100,28.06,95.33,72.69,0.67
273,gold coast,0,AU,1533405600,93,-28.0,153.41,51.8,4.7
274,xining,68,CN,1533407009,90,36.62,101.77,50.82,1.68
275,srednekolymsk,0,RU,1533407181,74,67.46,153.71,47.31,4.36
276,laohekou,0,CN,1533407181,92,32.39,111.67,77.37,2.57
277,moerai,100,PF,1533407181,100,-22.43,-151.33,70.08,28.3
278,yarmolyntsi,76,UA,1533407182,62,49.19,26.84,75.93,4.25
279,lashio,92,MM,1533407182,98,22.93,97.75,68.55,1.68
280,nyrob,0,RU,1533407182,78,60.74,56.73,47.49,2.91
281,cayenne,20,GF,1533405600,66,4.94,-52.33,87.8,14.99
282,priargunsk,8,RU,1533407183,92,50.37,119.09,50.37,2.8
283,cape town,20,ZA,1533405600,93,-33.93,18.42,53.6,3.36
284,fengcheng,92,CN,1533407183,93,40.45,124.07,80.07,3.47
285,richards bay,24,ZA,1533407184,61,-28.77,32.06,72.87,13.2
286,ahipara,0,NZ,1533407184,100,-35.17,173.16,44.43,8.39
287,shimoda,0,JP,1533407184,100,34.7,138.93,80.25,6.04
288,nokaneng,0,BW,1533407184,30,-19.66,22.19,76.29,9.95
289,skjervoy,92,NO,1533407185,100,70.03,20.97,54.24,1.9
290,talnakh,92,RU,1533407185,82,69.49,88.39,46.32,8.5
291,rabo de peixe,40,PT,1533405600,69,37.8,-25.58,75.2,16.11
292,ancud,92,CL,1533407185,99,-41.87,-73.83,51.9,12.75
293,grindavik,20,IS,1533403800,71,63.84,-22.43,57.2,11.41
294,gimli,92,CA,1533407186,90,50.63,-96.99,77.37,3.58
295,dryden,32,CA,1533407186,60,49.79,-92.84,84.66,5.82
296,natchitoches,40,US,1533406500,59,31.76,-93.09,89.6,11.41
297,luderitz,0,NA,1533407187,92,-26.65,15.16,54.6,6.71
298,bambanglipuro,0,ID,1533407187,96,-7.95,110.28,62.07,2.8
299,aykhal,0,RU,1533407188,67,65.95,111.51,42.18,5.37
300,baranchinskiy,0,RU,1533407188,80,58.16,59.7,48.84,3.13
301,nangomba,80,TZ,1533407189,45,-10.9,38.52,79.71,9.17
302,dingle,92,PH,1533407189,98,11.0,122.67,72.96,8.61
303,nichelino,75,IT,1533405000,61,45.0,7.65,86.0,6.93
304,laramie,75,US,1533405480,27,41.31,-105.59,84.2,13.87
305,brae,56,GB,1533405000,71,60.4,-1.35,57.2,18.34
306,kruisfontein,76,ZA,1533407190,93,-34.0,24.73,57.39,6.71
307,sandpoint,1,US,1533406500,40,48.28,-116.55,71.6,8.05
308,esperance,75,TT,1533405600,70,10.24,-61.45,84.2,6.93
309,traralgon,44,AU,1533407191,63,-38.19,146.54,53.79,6.38
310,rawson,0,AR,1533407191,33,-43.3,-65.11,64.68,16.11
311,north platte,1,US,1533405180,62,41.12,-100.77,84.2,5.82
312,fukue,20,JP,1533403800,88,35.03,136.69,82.4,5.82
313,pisco,0,PE,1533405600,64,-13.71,-76.2,69.8,9.17
314,lasa,40,CY,1533405600,83,34.92,32.53,80.6,5.82
315,uusikaupunki,64,FI,1533405000,88,60.8,21.41,64.4,3.36
316,miri,64,NG,1533407193,79,10.31,9.75,76.83,4.59
317,moron,40,VE,1533402000,48,10.49,-68.2,87.8,2.91
318,mian channun,0,PK,1533407193,54,30.44,72.35,87.81,9.4
319,alofi,24,NU,1533405600,78,-19.06,-169.92,71.6,11.41
320,cockburn town,0,TC,1533407194,96,21.46,-71.14,83.31,18.45
321,salalah,75,OM,1533405000,94,17.01,54.1,77.0,4.7
322,campos novos,48,BR,1533407195,91,-27.4,-51.22,62.79,4.7
323,teshie,20,GH,1533405600,69,5.58,-0.11,78.8,17.22
324,boyolangu,12,ID,1533407195,88,-8.09,111.9,64.05,5.48
325,orhangazi,75,TR,1533405000,57,40.49,29.31,82.4,6.93
326,jiangyou,0,CN,1533407196,93,31.78,104.73,72.96,2.68
327,dicabisagan,76,PH,1533407196,100,17.08,122.42,75.75,4.14
328,meulaboh,32,ID,1533407196,100,4.14,96.13,78.09,6.15
329,mehamn,92,NO,1533407197,98,71.03,27.85,55.23,3.69
330,biak,48,ID,1533407197,91,-0.91,122.88,76.11,6.38
331,camacupa,12,AO,1533407197,53,-12.02,17.48,68.55,3.47
332,kantang,24,TH,1533407197,93,7.42,99.52,82.32,10.51
333,darab,68,IR,1533407198,33,28.75,54.55,78.27,2.01
334,haapiti,75,PF,1533405600,69,-17.57,-149.87,80.6,14.99
335,buraydah,0,SA,1533405600,19,26.33,43.97,104.0,8.05
336,saint-joseph,0,FR,1533405600,58,43.56,6.97,86.0,3.36
337,sao miguel,32,BR,1533407199,90,4.52,-61.01,76.02,3.8
338,caravelas,0,BR,1533407199,99,-17.73,-39.27,76.29,17.56
339,pombos,40,BR,1533405600,69,-8.14,-35.4,80.6,11.41
340,tabou,24,CI,1533407200,100,4.42,-7.36,78.09,14.99
341,makasar,40,ID,1533405600,65,-6.28,106.88,77.0,4.7
342,saint-augustin,0,FR,1533405600,40,44.83,-0.61,89.6,11.41
343,zhigalovo,8,RU,1533407201,78,54.81,105.15,47.13,2.91
344,dakar,40,SN,1533402000,74,14.69,-17.45,84.2,4.7
345,mazara del vallo,20,IT,1533405300,74,37.65,12.59,86.0,9.17
346,yaan,56,NG,1533407202,76,7.38,8.57,80.25,4.81
347,saint-etienne,0,FR,1533405600,35,43.82,2.74,87.8,10.29
348,maceio,75,BR,1533405600,65,-9.67,-35.74,78.8,11.41
349,aklavik,8,CA,1533406929,82,68.22,-135.01,54.6,9.4
350,hollister,1,US,1533405300,26,36.85,-121.4,82.4,3.36
351,libenge,8,CD,1533407203,99,3.65,18.64,73.59,1.9
352,sorong,76,ID,1533407203,100,-0.86,131.25,79.89,15.21
353,cacule,0,BR,1533407079,39,-14.5,-42.22,84.75,9.73
354,kostino,92,BG,1533405600,57,41.7,25.3,77.0,9.17
355,tendo,48,JP,1533407204,99,38.35,140.4,65.76,1.34
356,diego de almagro,0,CL,1533407205,77,-26.39,-70.05,63.69,3.58
357,constitucion,20,MX,1533404700,26,23.99,-104.67,78.8,4.36
358,longyearbyen,75,NO,1533405000,76,78.22,15.63,50.0,4.7
359,antalaha,24,MG,1533407206,95,-14.9,50.28,71.79,12.41
360,pula,75,EC,1533405600,61,-1.95,-79.93,82.4,4.7
361,carutapera,80,BR,1533407206,83,-1.2,-46.02,81.24,9.84
362,yeppoon,75,AU,1533405600,93,-23.13,150.74,57.2,1.12
363,acajutla,20,SV,1533405000,59,13.59,-89.83,89.6,8.05
364,viking,88,CA,1533407207,96,53.1,-111.78,64.32,13.87
365,arkalgud,92,IN,1533407207,90,12.76,76.06,68.82,11.63
366,sovetskiy,100,RU,1533407208,100,56.76,48.47,60.99,8.39
367,maningrida,0,AU,1533407208,87,-12.05,134.23,75.3,9.4
368,vila,0,IT,1533405000,45,45.18,8.4,87.8,3.36
369,atherton,0,GB,1533405000,68,53.52,-2.49,69.8,9.17
370,sunrise manor,1,US,1533405360,9,36.21,-115.07,105.8,8.05
371,sarangani,80,PH,1533407209,100,5.4,125.46,82.77,9.62
372,quatre cocos,20,MU,1533405600,69,-20.21,57.76,73.4,9.17
373,trincomalee,48,LK,1533407210,67,8.58,81.23,81.15,17.56
374,gigmoto,68,PH,1533407210,100,13.78,124.39,79.53,12.64
375,zhaotong,92,CN,1533407211,97,27.34,103.71,60.0,1.68
376,taoudenni,88,ML,1533407211,12,22.68,-3.98,108.51,5.37
377,thunder bay,64,CA,1533407035,71,48.41,-89.26,74.13,9.4
378,sorland,88,NO,1533407211,100,67.67,12.69,55.59,15.66
379,tamale,92,GH,1533407212,87,9.4,-0.84,78.9,5.7
380,rafraf,75,TN,1533405600,88,37.19,10.18,73.4,16.11
381,rocha,76,UY,1533407212,95,-34.48,-54.34,57.39,11.41
382,aksarka,64,RU,1533407213,71,66.56,67.8,46.95,11.74
383,veranopolis,88,BR,1533407213,91,-28.94,-51.55,62.79,7.72
384,goes,90,NL,1533405300,68,51.5,3.89,75.2,11.41
385,turmalina,44,BR,1533407213,48,-17.29,-42.73,81.42,1.9
386,morondava,0,MG,1533407214,70,-20.3,44.28,72.42,7.38
387,kirakira,92,SB,1533407214,100,-10.46,161.92,79.17,19.24
388,yumen,44,CN,1533407214,56,40.29,97.04,69.9,7.05
389,fukuma,0,JP,1533403800,74,33.77,130.47,84.2,2.24
390,buldana,56,IN,1533407215,84,20.53,76.18,74.58,10.74
391,gravdal,75,NO,1533405000,72,59.79,5.78,59.0,13.87
392,grand gaube,20,MU,1533405600,69,-20.01,57.66,73.4,9.17
393,eydhafushi,20,MV,1533407216,100,5.1,73.07,82.86,7.94
394,colon,1,US,1533405240,65,41.3,-96.61,80.6,16.11
395,westport,40,IE,1533403800,67,53.8,-9.52,62.6,4.7
396,manchester,90,US,1533405360,94,43.0,-71.45,77.0,11.41
397,sur,76,OM,1533407217,85,22.57,59.53,85.56,3.36
398,shakhtinsk,0,KZ,1533405600,87,49.71,72.59,57.2,6.71
399,naze,75,NG,1533405600,78,5.43,7.07,78.8,4.7
400,santa engracia,0,ES,1533405600,23,41.94,-1.32,93.2,18.34
401,port lincoln,92,AU,1533407218,100,-34.72,135.86,52.89,16.89
402,opelousas,1,US,1533406500,88,30.53,-92.08,84.2,10.29
403,san martin,75,EC,1533405600,48,-0.3,-78.52,62.6,8.05
404,luorong,12,CN,1533407219,97,24.41,109.6,74.4,2.68
405,mogadishu,80,SO,1533407068,98,2.04,45.34,77.82,16.78
406,lincoln,0,GB,1533405000,41,53.23,-0.54,77.0,6.93
407,lagoa,0,PT,1533405600,54,37.14,-8.45,82.4,10.29
408,shestakovo,12,RU,1533407221,77,56.49,103.96,50.46,5.14
409,misratah,0,LY,1533407221,71,32.38,15.09,83.94,10.74
410,kampene,64,CD,1533407222,48,-3.59,26.67,81.78,2.24
411,kavaratti,20,IN,1533407222,95,10.57,72.64,83.22,10.85
412,chapeco,75,BR,1533402000,72,-27.1,-52.62,64.4,11.41
413,bushehr,0,IR,1533402000,59,28.97,50.84,91.4,2.91
414,mount gambier,56,AU,1533407223,73,-37.83,140.78,52.71,11.52
415,canchungo,75,GW,1533405600,70,12.07,-16.03,87.8,13.87
416,hay river,36,CA,1533407223,58,60.82,-115.79,62.43,3.91
417,samana,40,EC,1533405600,62,0.12,-76.97,86.0,3.36
418,lata,88,IN,1533407224,100,30.78,78.62,62.52,1.34
419,hualmay,32,PE,1533407224,72,-11.1,-77.61,66.75,5.93
420,mitha tiwana,0,PK,1533407224,64,32.24,72.11,87.81,4.7
421,taybad,0,IR,1533407225,29,34.74,60.78,80.25,13.76
422,nishihara,90,JP,1533405360,88,35.74,139.53,82.4,4.7
423,lowestoft,20,GB,1533405000,68,52.48,1.75,73.4,9.17
424,aripuana,8,BR,1533407226,40,-9.17,-60.63,94.92,2.35
425,scottsbluff,1,US,1533405180,54,41.87,-103.67,82.4,4.7
426,dwarka,40,IN,1533403800,66,28.58,77.04,87.8,4.7
427,oranjestad,75,AW,1533405600,66,12.52,-70.03,87.8,16.11
428,rudnogorsk,0,RU,1533407227,78,57.27,103.75,52.71,6.82
429,alice springs,0,AU,1533405600,22,-23.7,133.88,57.2,13.87
430,tambun,75,MY,1533402000,88,4.62,101.14,78.8,1.9
431,ixtapa,40,MX,1533404820,70,20.71,-105.21,87.8,8.05
432,nenjiang,24,CN,1533407228,89,49.17,125.23,58.02,3.58
433,asyut,0,EG,1533402000,28,27.18,31.19,95.0,13.87
434,ajdabiya,0,LY,1533407228,45,30.75,20.22,86.55,11.3
435,lakatoro,0,VU,1533407228,93,-16.11,167.42,72.69,8.5
436,batagay-alyta,8,RU,1533407229,84,67.8,130.41,47.58,2.57
437,bulancak,0,TR,1533407229,99,40.94,38.23,62.43,2.35
438,santa maria,75,BR,1533405600,67,-29.69,-53.81,60.8,11.41
439,valentigney,0,CH,1533405600,30,47.46,6.83,93.2,4.7
440,coalinga,20,US,1533405360,18,36.14,-120.36,89.6,13.87
441,cap malheureux,20,MU,1533405600,69,-19.98,57.61,73.4,9.17
442,alanya,0,TR,1533407231,100,36.55,32.0,76.92,2.35
443,hamilton,0,CA,1533407185,79,43.26,-79.87,81.6,7.94
444,banepa,75,NP,1533405000,100,27.63,85.52,69.8,1.79
445,carman,1,CA,1533406500,35,49.51,-98.0,86.0,10.29
446,byron bay,0,AU,1533405600,93,-28.65,153.62,51.8,4.7
447,caluquembe,64,AO,1533407232,86,-13.78,14.68,65.4,0.89
448,katsuura,12,JP,1533407233,78,33.93,134.5,80.07,1.34
449,kovur,80,IN,1533407233,97,14.5,79.99,72.87,4.92
450,dinagat,92,PH,1533407233,100,9.96,125.59,78.0,12.97
451,mayo,92,CA,1533407233,87,63.59,-135.9,57.3,3.47
452,hauterive,0,FR,1533405600,31,46.09,3.45,89.6,4.7
453,caibarien,75,CU,1533405000,55,22.52,-79.47,87.8,16.11
454,haines junction,68,CA,1533407234,55,60.75,-137.51,59.55,2.91
455,kulashi,75,GE,1533405600,83,42.21,42.35,75.2,3.36
456,daru,92,SL,1533407235,99,7.99,-10.85,73.32,5.37
457,seoul,90,KR,1533405360,100,37.57,126.98,80.6,3.58
458,nizhniy kuranakh,36,RU,1533407235,88,58.84,125.49,48.3,6.71
459,xihua,36,CN,1533407236,85,33.79,114.53,81.87,3.13
460,ahuimanu,75,US,1533405420,78,21.44,-157.84,82.4,9.17
461,los llanos de aridane,20,ES,1533405600,69,28.66,-17.92,75.2,18.34
462,finnsnes,80,NO,1533405000,72,69.23,17.98,59.0,8.05
463,darnah,0,LY,1533407237,95,32.77,22.64,80.97,14.2
464,awjilah,0,LY,1533407237,28,29.14,21.3,92.04,5.59
465,namibe,0,AO,1533407237,96,-15.19,12.15,66.3,15.77
466,bodden town,75,KY,1533405600,74,19.28,-81.25,87.8,14.99
467,helong,68,CN,1533407238,92,25.94,116.13,75.03,2.35
468,tondano,20,ID,1533403800,57,1.3,124.91,78.8,5.82
469,saint-francois,0,FR,1533405600,33,46.42,3.91,89.6,10.29
470,qandala,76,SO,1533407239,66,11.47,49.87,82.59,0.89
471,ahar,12,IR,1533407022,48,38.48,47.07,65.49,2.57
472,namtsy,76,RU,1533407240,74,62.72,129.66,60.81,3.69
473,yar-sale,36,RU,1533407240,100,66.83,70.83,48.21,23.26
474,iqaluit,24,CA,1533407240,73,63.75,-68.52,47.49,12.3
475,gourcy,44,BF,1533407241,85,13.21,-2.36,78.36,6.93
476,novobirilyussy,0,RU,1533407241,83,56.95,90.69,56.4,5.37
477,leua,0,AO,1533407241,43,-11.65,20.45,72.6,3.24
478,davidson,1,US,1533406500,66,35.5,-80.85,84.2,4.03
479,lagos,20,NG,1533405600,78,6.46,3.39,78.8,6.93
480,laiyang,48,CN,1533407242,86,36.98,120.7,81.42,7.83
481,pacific grove,1,US,1533405300,77,36.62,-121.92,82.4,6.93
482,kibaya,75,RW,1533405600,68,-2.2,30.56,69.8,3.36
483,stykkisholmur,0,IS,1533407243,79,65.08,-22.73,57.12,2.91
484,pangai,75,TO,1533405600,78,-19.8,-174.35,71.6,17.22
485,mweka,56,CD,1533407243,75,-4.85,21.56,76.2,1.23
486,kokopo,36,PG,1533407244,100,-4.34,152.27,78.63,6.15
487,igrim,76,RU,1533407244,80,63.19,64.42,48.03,3.47
488,anloga,20,GH,1533405600,83,5.79,0.9,77.0,12.75
489,the valley,40,AI,1533405600,74,18.22,-63.06,87.8,16.11
490,fare,64,PF,1533407245,100,-16.7,-151.02,76.2,17.67
491,mikhaylovka,88,RU,1533407245,66,52.96,103.29,61.62,7.94
492,portland,75,US,1533405360,64,45.52,-122.67,71.6,3.36
493,cervo,20,BR,1533405600,64,-22.19,-46.24,69.8,6.93
494,opuwo,56,NA,1533407246,31,-18.06,13.84,75.12,7.38
495,berlevag,100,NO,1533407247,97,70.86,29.09,55.5,3.47
496,brumado,0,BR,1533407247,40,-14.2,-41.67,83.13,9.84
497,moose jaw,12,CA,1533407247,52,50.4,-105.54,75.21,13.09
498,san juan,40,PH,1533402000,100,14.6,121.03,78.8,2.91
499,tanda,64,IN,1533407249,82,31.67,75.63,83.58,5.7
500,menongue,80,AO,1533407249,52,-14.66,17.68,74.31,2.13
501,lagunas,12,PE,1533407249,74,-5.23,-75.68,85.02,1.57
502,sabang,64,PH,1533407250,100,13.72,123.58,77.01,8.95
503,champerico,75,MX,1533404400,48,16.38,-93.6,86.0,8.05
504,bam,0,IR,1533407251,20,29.11,58.36,75.93,4.59
505,yarada,64,IN,1533407251,99,17.65,83.27,82.77,9.17
506,kautokeino,24,NO,1533407252,65,69.01,23.04,58.38,4.7
507,caraula,0,RO,1533405600,69,44.19,23.25,75.2,2.24
508,alta floresta,75,BR,1533402000,30,-9.87,-56.08,96.8,3.36
509,san alejo,36,SV,1533407253,91,13.43,-87.96,84.93,3.24
510,callaway,75,US,1533406500,78,46.98,-95.91,80.6,11.41
511,camacha,20,PT,1533405600,73,33.08,-16.33,75.2,23.04
512,kavieng,64,PG,1533407254,100,-2.57,150.8,79.26,5.37
513,birin,0,SY,1533407254,77,35.01,36.67,75.57,7.61
514,elat,92,CM,1533407254,90,2.91,11.16,70.89,2.91
515,pochutla,75,MX,1533404820,74,15.74,-96.47,84.2,11.41
516,timmins,12,CA,1533407255,58,48.48,-81.33,75.03,6.6
517,neyshabur,0,IR,1533407255,33,36.21,58.79,75.03,11.41
518,harlingen,1,US,1533405300,41,26.19,-97.7,100.4,16.11
519,asosa,32,ET,1533407256,95,10.07,34.53,64.41,2.57
520,port hardy,64,CA,1533407256,87,50.7,-127.42,62.79,2.57
521,liverpool,0,GB,1533405000,68,53.41,-2.98,66.2,8.05
522,aasiaat,36,GL,1533407256,82,68.71,-52.87,47.76,10.29
523,piney green,40,US,1533407700,74,35.09,-78.48,87.8,3.36
524,vanimo,92,PG,1533407257,100,-2.67,141.3,75.39,7.05
525,salinopolis,20,BR,1533407257,95,-0.61,-47.36,82.23,14.32
526,killybegs,56,IE,1533407258,89,54.63,-8.45,59.91,8.39
527,karratha,0,AU,1533407258,66,-20.74,116.85,56.22,10.18
528,porto torres,0,IT,1533405000,58,40.84,8.4,86.0,3.36
529,churapcha,56,RU,1533407259,86,62.0,132.43,57.12,4.59
530,nisia floresta,20,BR,1533405600,58,-6.09,-35.21,84.2,19.46
531,sylacauga,1,US,1533405300,74,33.17,-86.25,89.6,5.82
532,christchurch,32,NZ,1533405600,100,-43.53,172.64,37.4,3.36
533,arona,0,IT,1533405000,45,45.76,8.56,89.6,3.36
534,mahajanga,20,MG,1533405600,94,-15.72,46.32,77.0,2.24
535,cuenca,0,ES,1533407099,19,40.07,-2.13,91.14,8.84
536,havelock,1,US,1533406980,94,34.88,-76.9,84.2,6.38
537,rivers,8,CA,1533407261,80,50.03,-100.23,78.54,6.04
538,hwange,0,ZW,1533407261,31,-18.35,26.5,67.47,8.61
539,progreso,90,UY,1533405600,93,-34.68,-56.22,51.8,5.82
540,kasane,0,BW,1533407262,29,-17.8,25.16,69.72,7.83
541,jining,80,CN,1533407262,96,35.41,116.58,81.06,5.93
542,moose factory,0,CA,1533407262,58,51.26,-80.61,78.63,9.95
543,yarmouth,0,GB,1533405000,39,50.71,-1.5,82.4,4.7
544,minbu,80,MM,1533407263,92,20.18,94.88,77.01,8.28
545,lavrentiya,44,RU,1533407263,100,65.58,-170.99,44.7,8.95
546,longkou,0,CN,1533407263,92,37.64,120.47,82.41,9.4
547,keti bandar,68,PK,1533407263,97,24.14,67.45,80.79,22.26
548,japura,48,ID,1533407264,94,-0.42,102.29,73.41,2.24
549,akoupe,68,CI,1533407264,86,6.39,-3.9,77.28,3.36
550,kawalu,20,ID,1533407264,97,-7.38,108.21,52.71,1.57
551,port hedland,0,AU,1533405600,66,-20.31,118.58,55.4,8.05
552,ust-koksa,36,RU,1533407265,95,50.27,85.62,42.72,1.68
553,nabire,76,ID,1533407265,93,-3.36,135.5,67.92,1.9
554,grants,1,US,1533405300,16,35.15,-107.85,86.0,6.93
555,baker city,1,US,1533405360,33,44.77,-117.83,73.4,5.82
556,baykit,0,RU,1533407266,73,61.68,96.39,50.55,8.84
